GROUP,PACKAGE,CLASS,INSTRUCTION_MISSED,INSTRUCTION_COVERED,BRANCH_MISSED,BRANCH_COVERED,LINE_MISSED,LINE_COVERED,COMPLEXITY_MISSED,COMPLEXITY_COVERED,METHOD_MISSED,METHOD_COVERED
cardswithfriends,default,Main,29,0,2,0,9,0,4,0,3,0
cardswithfriends,cardswithfriends.views,HandView,12,0,0,0,5,0,1,0,1,0
cardswithfriends,cardswithfriends.views,LeaderboardEntryView,30,0,4,0,11,0,4,0,2,0
cardswithfriends,cardswithfriends.views,GameView,313,0,10,0,43,0,11,0,6,0
cardswithfriends,cardswithfriends.views,KingsCornerEntryView,64,0,6,0,15,0,4,0,1,0
cardswithfriends,cardswithfriends.views,KingsCornerListView,57,0,4,0,17,0,5,0,3,0
cardswithfriends,cardswithfriends.views,CardView,28,0,0,0,9,0,2,0,2,0
cardswithfriends,cardswithfriends.views,LeaderboardView,61,0,0,0,14,0,4,0,4,0
cardswithfriends,cardswithfriends,GlobalConstants,3,0,0,0,1,0,1,0,1,0
cardswithfriends,cardswithfriends,KCGameState.Test,0,11,0,0,0,3,0,2,0,2
cardswithfriends,cardswithfriends,NotFoundException,3,0,0,0,1,0,1,0,1,0
cardswithfriends,cardswithfriends,Move,118,46,12,0,23,15,11,10,5,10
cardswithfriends,cardswithfriends,DatabaseConnector,6,19,0,2,3,5,2,2,2,1
cardswithfriends,cardswithfriends,KingsCorner,123,307,18,20,38,61,19,18,7,11
cardswithfriends,cardswithfriends,Move.Test,38,0,8,0,5,0,6,0,2,0
cardswithfriends,cardswithfriends,Leaderboard,50,54,3,3,13,10,5,4,3,3
cardswithfriends,cardswithfriends,DBHandler,174,206,7,1,54,60,11,13,7,13
cardswithfriends,cardswithfriends,Card.Suit,19,67,0,0,6,9,5,3,5,3
cardswithfriends,cardswithfriends,User,269,212,37,5,74,60,36,20,16,19
cardswithfriends,cardswithfriends,TemplateHandler,1294,0,84,0,263,0,100,0,58,0
cardswithfriends,cardswithfriends,Card,36,169,3,24,10,49,8,24,5,12
cardswithfriends,cardswithfriends,Pile,32,175,1,7,11,38,6,22,5,19
cardswithfriends,cardswithfriends,KCMove,26,181,15,23,3,35,12,13,0,6
cardswithfriends,cardswithfriends,GameState,8,9,0,0,4,3,2,3,2,3
cardswithfriends,cardswithfriends,ArtificialPlayer,386,0,52,0,92,0,41,0,15,0
cardswithfriends,cardswithfriends,PileIds,9,99,0,0,0,10,2,2,2,2
cardswithfriends,cardswithfriends,Game,93,69,13,1,29,22,15,12,8,12
cardswithfriends,cardswithfriends,KCGameState,117,350,0,12,13,46,3,12,3,6
